弗兰克·德拉邦特,弗兰克·德拉邦特/弗兰克·德拉邦特,保罗·麦克兰尼/蒂姆·罗宾斯/摩根·弗里曼/鲍勃·冈顿/威廉姆·赛德勒,剧情,美国,英语,142分钟

克里斯托弗·诺兰,乔纳森·诺兰/克里斯托弗·诺兰/大卫/鲍勃·凯恩,克里斯蒂安·贝尔/希斯·莱杰/艾伦·艾克哈特/迈克尔·凯恩/玛吉·吉伦哈尔,动作片/犯罪/剧情/惊悚片,美国,英语,152分钟

大卫·芬奇,恰克·帕拉尼克/吉姆·乌尔斯,爱德华·诺顿/布拉德·皮特/米特·洛夫/扎克·格雷尼尔/RichmondArquette,剧情,美国,英语,151分钟

昆汀·塔伦蒂诺,昆汀·塔伦蒂诺/罗杰·阿夫瑞,蒂姆·罗斯/阿曼达·普拉莫/劳拉·拉芙蕾丝/约翰·特拉沃尔塔/塞缪尔·杰克逊,犯罪/剧情,美国,英语,178分钟

罗伯特·泽米吉斯,温斯顿·格鲁姆/艾瑞克·罗斯,汤姆·汉克斯/RebeccaWilliams/莎莉·菲尔德/迈克尔·康纳/哈罗德·G·赫瑟姆,剧情/爱情,美国,英语,142分钟

拉娜·沃卓斯基/莉莉·沃卓斯基,莉莉·沃卓斯基/拉娜·沃卓斯基,基努·里维斯/劳伦斯·菲什伯恩/凯瑞/雨果·维文/格洛丽亚·福斯特,动作片/科幻,美国,英语,136分钟

彼得·杰克逊,J.R.R.Tolkien/弗兰·威尔士/菲利帕·鲍恩斯/彼得·杰克逊,NoelAppleby/西恩·奥斯汀/萨拉·贝克/肖恩·宾/凯特·布兰切特,冒险/剧情/奇幻片,美国/新西兰,英语,208分钟(加长版)/228分钟(蓝光加长版)

彼得·杰克逊,J.R.R.Tolkien/弗兰·威尔士/菲利帕·鲍恩斯/彼得·杰克逊,NoelAppleby/AliAstin/西恩·奥斯汀/DavidAston/约翰·贝西,冒险/剧情/奇幻片,美国/新西兰,英语,254分钟(加长版)/263分钟(蓝光加长版)

弗朗西斯·福特·科波拉,马里奥·普佐/弗朗西斯·福特·科波拉,马龙·白兰度/阿尔·帕西诺/詹姆斯·肯恩/理查德·卡斯特尔诺/罗伯特·杜瓦尔,犯罪/剧情,美国,英语,175分钟

克里斯托弗·诺兰,乔纳森·诺兰/克里斯托弗·诺兰/大卫/鲍勃·凯恩,克里斯蒂安·贝尔/加里·奥德曼/汤姆·哈迪/约瑟夫·高登/安妮·海瑟薇,动作片/惊悚片,英国,英语,164分钟

彼得·杰克逊,J.R.R.Tolkien/弗兰·威尔士/菲利帕·鲍恩斯/斯蒂芬·辛克莱/彼得·杰克逊,布鲁克·奥佩斯/西恩·奥斯汀/约翰·贝西/萨拉·贝克/凯特·布兰切特,冒险/剧情/奇幻片,美国/新西兰,英语,223分钟(加长版)/235分钟(蓝光加长版)

克里斯托弗·诺兰,乔纳森·诺兰/克里斯托弗·诺兰,艾伦·伯斯汀/马修·麦康纳/麦肯吉·弗依/约翰·利思戈/蒂莫西·柴勒梅德,冒险/剧情/科幻,美国,英语,169分钟

钟孟宏,张耀升/钟孟宏,巫建和/陈以文/柯淑勤/刘冠廷/许光汉,犯罪/剧情/家庭,中国台湾,普通话,152分钟

大卫·芬奇,安德鲁·凯文,摩根·弗里曼/安德鲁·凯文/丹尼尔·扎卡帕/布拉德·皮特/格温妮斯·帕特洛,犯罪/剧情/悬疑/惊悚片,美国,英语,127分钟

昆汀·塔伦蒂诺,昆汀·塔伦蒂诺,杰米·福克斯/克里斯托弗·瓦尔兹/莱昂纳多·迪卡普里奥/凯丽·华盛顿/塞缪尔·杰克逊,剧情/西部,美国,英语,165分钟

雷德利·斯科特,大卫·弗兰佐尼/约翰·洛根/威廉姆·尼克尔森,罗素·克劳/华金·菲尼克斯/康妮·尼尔森/奥列佛·里德/理查德·哈里斯,动作片/冒险/剧情,美国,英语,171分钟

克里斯托弗·诺兰,鲍勃·凯恩/大卫/克里斯托弗·诺兰,克里斯蒂安·贝尔/迈克尔·凯恩/连姆·尼森/凯蒂·霍尔姆斯/加里·奥德曼,动作片/冒险,美国,英语,140分钟

乔斯·韦登,乔斯·韦登/扎克·佩恩,小罗伯特·唐尼/克里斯·埃文斯/马克·鲁弗洛/克里斯·海姆斯沃斯/斯嘉丽·约翰逊,动作片/冒险/科幻,美国,英语,173分钟

乔纳森·戴米,托马斯·哈里斯/泰德·塔里,朱迪·福斯特/LawrenceA.Bonney/卡斯·莱蒙斯/劳伦斯/斯科特·格伦,犯罪/剧情/惊悚片,美国,英语,138分钟

昆汀·塔伦蒂诺,昆汀·塔伦蒂诺,布拉德·皮特/梅拉尼·罗兰/克里斯托弗·瓦尔兹/伊莱·罗斯/迈克尔·法斯宾德,冒险/剧情/战争,德国,英语,153分钟

乔治·卢卡斯,乔治·卢卡斯,马克·哈米尔/哈里森·福特/凯丽·费雪/彼得·库欣/亚历克·吉尼斯,动作片/冒险/奇幻片/科幻,美国,英语,125分钟

史蒂文·斯皮尔伯格,罗伯特·罗达特,汤姆·汉克斯/汤姆·塞兹摩尔/爱德华·伯恩斯/巴里·佩珀/亚当·戈德堡,剧情/战争,美国,英语,169分钟

史蒂文·斯皮尔伯格,托马斯·肯尼利/斯蒂文·泽里安,连姆·尼森/本·金斯利/拉尔夫·费因斯/卡罗琳·古多尔/JonathanSagall,传记/剧情/历史,美国,英语,185分钟

马丁·斯科塞斯,威廉·莫纳汉/麦兆辉/FelixChong,莱昂纳多·迪卡普里奥/马特·达蒙/杰克·尼科尔森/马克·沃尔伯格/马丁·辛,犯罪/剧情/惊悚片,美国,英语,151分钟

克里斯托弗·诺兰,乔纳森·诺兰/克里斯托弗·诺兰/克里斯托弗·普瑞丝特,休·杰克曼/克里斯蒂安·贝尔/迈克尔·凯恩/派珀·佩拉博/丽贝卡·豪尔,剧情/悬疑/科幻/惊悚片,美国,英语,130分钟

厄文·克什纳,利·布拉克特/LawrenceKasdan/乔治·卢卡斯,马克·哈米尔/哈里森·福特/凯丽·费雪/比利·迪/安东尼·丹尼尔斯,动作片/冒险/奇幻片/科幻,美国,英语,127分钟

马丁·斯科塞斯,特伦斯·温特/乔丹·贝尔福特,莱昂纳多·迪卡普里奥/乔纳·希尔/玛格特·罗比/马修·麦康纳/凯尔·钱德勒,传记/犯罪/剧情,美国,英语,240分钟

詹姆斯·卡梅隆,詹姆斯·卡梅隆,萨姆·沃辛顿/佐伊·索尔达娜/西格妮·韦弗/史蒂芬·朗/米歇尔·罗德里格兹,动作片/冒险/奇幻片/科幻,美国,英语,178

弗兰克·德拉邦特,斯蒂芬·金/弗兰克·德拉邦特,汤姆·汉克斯/大卫·摩斯/邦尼·亨特/迈克·克拉克/詹姆斯·克伦威尔,犯罪/剧情/奇幻片/悬疑,美国,英语,114分钟

克里斯托弗·诺兰,克里斯托弗·诺兰/乔纳森·诺兰,盖·皮尔斯/凯瑞/乔·潘托里亚诺/小马克·布恩/拉什·费加,悬疑/惊悚片,美国,英语,113分钟

弗朗西斯·福特·科波拉,弗朗西斯·福特·科波拉/马里奥·普佐,阿尔·帕西诺/罗伯特·杜瓦尔/黛安·基顿/罗伯特·德尼罗/约翰·凯泽尔,犯罪/剧情,美国,英语,220分钟

马丁·斯科塞斯,莱塔·卡罗格里迪斯/DennisLehane,莱昂纳多·迪卡普里奥/马克·鲁弗洛/本·金斯利/马克斯·冯/米歇尔·威廉姆斯,悬疑/惊悚片,美国,英语,138分钟

萨姆·门德斯,艾伦·鲍尔,凯文·史派西/安妮特·贝宁/索拉·伯奇/韦斯·本特利/米娜·苏瓦丽,剧情,美国,英语,122分钟

詹姆斯·卡梅隆,詹姆斯·卡梅隆,莱昂纳多·迪卡普里奥/凯特·温丝莱特/比利·赞恩/凯西·贝茨/弗兰西丝·费舍,剧情/爱情,美国,英语,194分钟

托尼·凯耶,戴维·麦克纳,爱德华·诺顿/爱德华·福隆/比佛莉·德安姬罗/詹妮弗·林/伊桑·苏普利,剧情,美国,英语,101分钟

戈尔·维宾斯基,泰德·艾略特/特里·鲁西奥/斯图尔特·贝亚蒂耶/杰·沃尔伯特,约翰尼·德普/杰弗里·拉什/奥兰多·布鲁姆/凯拉·奈特莉/杰克·达文波特,动作片/冒险/奇幻片,美国,英语,143分钟

詹姆斯·麦克特格,莉莉·沃卓斯基/拉娜·沃卓斯基/DavidLloyd,娜塔莉·波特曼/雨果·维文/斯蒂芬·瑞/斯蒂芬·弗雷/约翰·赫特,动作片/剧情/科幻/惊悚片,美国,英语,132分钟

罗伯特·泽米吉斯,罗伯特·泽米吉斯/鲍勃·盖尔,迈克尔/克里斯托弗·洛伊德/莉·汤普森/克里斯平·格洛弗/托马斯,冒险/喜剧/科幻,美国,英语,116分钟

吕克·贝松,吕克·贝松,让·雷诺/加里·奥德曼/娜塔莉·波特曼/丹尼·爱罗/彼得·阿佩尔,动作片/犯罪/剧情/惊悚片,法国,英语,133分钟

马丁·斯科塞斯,尼古拉斯·派勒吉/马丁·斯科塞斯,罗伯特·德尼罗/雷·利奥塔/乔·佩西/洛南·布雷科/保罗·索维诺,传记/犯罪/剧情,美国,英语,146分钟

詹姆斯·卡梅隆,詹姆斯·卡梅隆/WilliamWisher,阿诺·施瓦辛格/琳达·汉密尔顿/爱德华·福隆/罗伯特·帕特里克/EarlBoen,动作片/科幻,美国,英语,156分钟

昆汀·塔伦蒂诺,昆汀·塔伦蒂诺/乌玛·瑟曼,乌玛·瑟曼/刘玉玲/薇薇卡·福克斯/达丽尔·汉纳/大卫·卡拉丁,动作片/犯罪/惊悚片,美国,英语,112分钟

安德鲁·斯坦顿,安德鲁·斯坦顿/彼特·道格特/吉姆·里尔顿,佛莱德·威拉特/KimKopf/NikiMcElroy/加勒特·帕尔默/SinisaRuzic,冒险/动画/家庭/科幻,美国,英语,98分钟

布莱恩·辛格,克里斯托弗·麦奎里,史蒂芬·鲍德温/加布里埃尔·伯恩/本尼西奥·德尔/凯文·波拉克/凯文·史派西,犯罪/悬疑/惊悚片,美国,英语,106分钟

梅尔·吉布森,兰道尔·华莱士,JamesRobinson/辛·劳洛/SandyNelson/詹姆斯·科兹莫/辛·麦金利,传记/剧情/历史/战争,美国,法语,178分钟

安德鲁·斯坦顿/李·昂克里奇,安德鲁·斯坦顿/鲍勃·彼德森/大卫·雷诺兹,,冒险/动画/喜剧/家庭,美国,英语,100分钟

理查德·马昆德,LawrenceKasdan/乔治·卢卡斯,马克·哈米尔/哈里森·福特/凯丽·费雪/比利·迪/安东尼·丹尼尔斯,动作片/冒险/奇幻片/科幻,美国,英语,134分钟

乔恩·费儒,马克·弗格斯/霍克·奥斯比/阿特·马库姆/马特·霍洛维/斯坦·李,小罗伯特·唐尼/泰伦斯·霍华德/杰夫·布里吉斯/格温妮斯·帕特洛/莱丝莉·比伯,动作片/冒险/科幻,美国,匈牙利语,126分钟

罗杰·阿勒斯/罗伯·明可夫,艾琳·梅琪/乔纳森·罗伯茨/琳达·伍尔芙顿/伯尼·马丁森/BarryJohnson,杰夫·贝内特/SallyDworsky/EvanSaucedo/JasonWeaver/JosephWilliams,冒险/动画/剧情/家庭/歌舞剧,美国,英语,89分钟

彼得·威尔,安德鲁·尼科尔,金·凯瑞/劳拉·琳妮/诺亚·艾默里奇/娜塔莎·麦克艾霍恩/霍兰德·泰勒,喜剧/剧情/科幻,美国,英语,103分钟

M.NightShyamalan,M.NightShyamalan,布鲁斯·威利斯/海利·乔/托妮·科莱特/奥莉维亚·威廉姆斯/特拉沃·摩根,剧情/悬疑/惊悚片,美国,英语,107分钟

詹姆斯·格雷,詹姆斯·格雷/伊桑·格罗斯,布拉德·皮特/TommyLeeJones/鲁丝·内伽/唐纳德·萨瑟兰/金伯莉·伊丽丝,冒险/剧情/悬疑/科幻/惊悚片,中国大陆,英语,123分钟

昆汀·塔伦蒂诺,昆汀·塔伦蒂诺/罗杰·阿夫瑞,哈威·凯特尔/蒂姆·罗斯/迈克尔·马德森/克里斯·潘/史蒂夫·布西密,犯罪/剧情/惊悚片,美国,英语,99分钟

米洛斯·福尔曼,劳伦斯·奥邦/博·古德曼/肯·凯西/达尔·瓦瑟曼,杰克·尼科尔森/路易丝·弗莱彻/威尔·萨姆森/迈克尔·贝里曼/AlonzoBrown,剧情,美国,英语,133分钟

米歇尔·贡德里,查理·考夫曼/米歇尔·贡德里/皮埃尔·比斯毛特,金·凯瑞/凯特·温丝莱特/GerryRobertByrne/伊利亚·伍德/汤姆斯·杰,剧情/爱情/科幻,美国,英语,108分钟

史蒂文·斯皮尔伯格,LawrenceKasdan/乔治·卢卡斯/菲利普·考夫曼,哈里森·福特/凯伦·阿兰/PaulFreeman/罗纳德·莱西/约翰·瑞斯,动作片/冒险,美国,英语,115分钟

约翰·拉塞特,约翰·拉塞特/彼特·道格特/安德鲁·斯坦顿/乔·兰福特/乔斯·韦登,NenadCvetko/BrankoMenicanin/KresimirMikic/卢卡·佩洛斯/RankoZidaric,冒险/动画/喜剧/家庭/奇幻片,美国,英语,74分钟

J·J·艾布拉姆斯,LawrenceKasdan/J·J·艾布拉姆斯/迈克尔·阿恩特/乔治·卢卡斯,哈里森·福特/马克·哈米尔/凯丽·费雪/亚当·德赖弗/黛西·雷德利,动作片/冒险/科幻,美国,英语,138分钟

斯坦利·库布里克,斯蒂芬·金/斯坦利·库布里克/黛安·约翰逊,杰克·尼科尔森/谢莉·杜瓦尔/DannyLloyd/斯加特曼·克罗索斯/巴瑞·尼尔森,剧情/恐怖,英国,英语,142分钟

史蒂文·斯皮尔伯格,迈克尔·克莱顿/大卫·凯普,山姆·尼尔/劳拉·邓恩/杰夫·高布伦/理查德·阿滕伯勒/鲍勃·佩克,动作片/冒险/科幻/惊悚片,美国,英语,127分钟

大卫·芬奇,吉莉安·弗琳,本·阿弗莱克/裴淳华/尼尔·帕特里克/泰勒·派瑞/凯莉·库恩,剧情/悬疑/惊悚片,美国,英语,149分钟

格斯·范·桑特,马特·达蒙/本·阿弗莱克,马特·达蒙/本·阿弗莱克/斯特兰·斯卡斯加德/约翰·迈顿/RachelMajorowski,剧情/爱情,美国,英语,126分钟

朗·霍华德,阿齐瓦·高斯曼/西尔维娅·纳萨尔,罗素·克劳/艾德·哈里斯/詹妮弗·康纳利/克里斯托弗·普卢默/保罗·贝坦尼,传记/剧情,美国,英语,135分钟

伊桑·科恩/乔尔·科恩,乔尔·科恩/伊桑·科恩/考麦克·麦卡锡,TommyLeeJones/哈维尔·巴登/乔什·布洛林/伍迪·哈里森/凯莉·麦克唐纳,犯罪/剧情/惊悚片,美国,英语,122分钟

彼特·道格特/大卫·斯沃曼/李·昂克里奇,彼特·道格特/吉尔·卡尔顿/杰夫·皮金/拉夫·埃格尔斯顿/安德鲁·斯坦顿,StojanMatavulj/BrankoMenicanin,冒险/动画/喜剧/家庭/奇幻片,美国,英语,92分钟

丹尼·博伊尔/洛芙琳·坦丹,西蒙·博福伊/维卡斯·史瓦卢普,戴夫·帕特尔/沙鲁巴·舒克拉/亚尼·卡普/拉詹德拉纳斯·祖特施/吉尼瓦·塔瓦尔,剧情/爱情,英国,英语,120分钟

詹姆斯·卡梅隆,詹姆斯·卡梅隆/盖尔·安妮/WilliamWisher,阿诺·施瓦辛格/迈克尔·比恩/琳达·汉密尔顿/保罗·温菲尔德/LanceHenriksen,动作片/科幻,英国,英语,107分钟

雷尼·哈林,杰·朗吉诺/本大卫·格拉宾斯基/Wen-ChiaChang,成龙/约翰尼·诺克斯维尔/范冰冰/曾志伟/伊芙·托雷斯,动作片/冒险/犯罪/喜剧/惊悚片,中国大陆,普通话,107分钟

史蒂文·斯皮尔伯格,杰夫·内桑森/弗兰克·阿巴内尔/StanRedding,莱昂纳多·迪卡普里奥/汤姆·汉克斯/克里斯托弗·沃肯/马丁·辛/纳塔莉·贝伊,传记/犯罪/剧情,美国,英语,141分钟

彼得·博格,利·卡彭特/格雷厄姆·罗兰,马克·沃尔伯格/劳伦·科汉/伊科·乌艾斯/约翰·马尔科维奇/龙达·鲁西,动作片/惊悚片,中国大陆,菲律宾语,94分钟

约翰·麦克蒂尔南,罗德里戈·索普/杰布·斯图尔特/斯蒂芬,布鲁斯·威利斯/邦妮·比蒂丽娅/ReginaldVelJohnson/保罗·格里森/De'voreauxWhite,动作片/惊悚片,美国,英语,132分钟

托德·菲利普斯,托德·菲利普斯/斯科特·西尔弗/鲍勃·凯恩/比尔·芬格/杰瑞·罗宾逊,华金·菲尼克斯/罗伯特·德尼罗/莎姬·贝兹/弗兰西丝·康罗伊/布莱特·卡伦,犯罪/剧情/惊悚片,美国,英语,122分钟

盖·里奇,盖·里奇,本尼西奥·德尔/丹尼斯·法里纳/维尼·琼斯/拉德·舍博德兹加/杰森·斯坦森,犯罪/喜剧,英国,英语,102分钟

特拉维斯·奈特,克里斯蒂娜·霍德森,海莉·斯坦菲尔德/小豪尔赫·兰登伯格/约翰·塞纳/杰森·德鲁克/帕梅拉·阿德龙,动作片/冒险/科幻,中国大陆,英语,114分钟

雷德利·斯科特,丹·欧班农/罗纳德·舒塞特,汤姆·斯凯里特/西格妮·韦弗/维罗尼卡·卡维特/哈利·戴恩/约翰·赫特,恐怖/科幻,英国,英语,116分钟

彼得·杰克逊,弗兰·威尔士/菲利帕·鲍恩斯/彼得·杰克逊/吉尔莫·德尔/J.R.R.Tolkien,伊恩·麦克莱恩/马丁·弗瑞曼/理查德·阿米蒂奇/肯·斯托特/格拉汉姆·麦克泰维什,冒险/家庭/奇幻片,新西兰,英语,182分钟

弗兰克·米勒/罗伯特·罗德里格兹/昆汀·塔伦蒂诺,弗兰克·米勒,杰西卡·阿尔芭/戴文青木/阿丽克西斯·布莱德尔/鲍沃斯·布斯/CaraD.Briggs,犯罪/惊悚片,美国,英语,147分钟

达伦·阿伦诺夫斯基,小胡伯特·塞尔比/达伦·阿伦诺夫斯基,艾伦·伯斯汀/杰瑞德·莱托/詹妮弗·康纳利/马龙·韦恩斯/ChristopherMcDonald,剧情,美国,英语,102分钟

雷德利·斯科特,德鲁·高达/安迪·威尔,马特·达蒙/杰西卡·查斯坦/克里斯汀·韦格/杰夫·丹尼尔斯/MichaelPeña,冒险/剧情/科幻,英国,英语,151分钟

李·昂克里奇,约翰·拉塞特/安德鲁·斯坦顿/李·昂克里奇/迈克尔·阿恩特,,冒险/动画/喜剧/家庭/奇幻片,美国,英语,103分钟

斯坦利·库布里克,斯坦利·库布里克/安东尼·伯吉斯,马尔科姆·麦克道威尔/帕特里克·马基/迈克尔·贝茨/沃伦·克拉克/约翰·克莱夫,犯罪/剧情/科幻,英国,英语,136分钟

凯文·门罗,凯文·门罗/彼得·拉尔德/凯文·伊斯特曼,,动作片/冒险/动画/喜剧/家庭/奇幻片/科幻,中国香港,英语,103分钟

理查德·凯利,理查德·凯利,杰克·吉伦哈尔/HolmesOsborne/玛吉·吉伦哈尔/黛维·切斯/玛丽·麦克唐纳,剧情/科幻/惊悚片,美国,英语,134分钟

肯尼思·布拉纳,阿什利·米勒/扎克·施坦茨/唐·佩恩/J.MichaelStraczynski/马克·波托塞维奇,克里斯·海姆斯沃斯/娜塔莉·波特曼/汤姆·希德勒斯顿/安东尼·霍普金斯/斯特兰·斯卡斯加德,动作片/冒险/奇幻片,美国,英语,115分钟

罗森·马歇尔,罗森·马歇尔,道恩·强森/内芙·坎贝尔/黄经汉/罗兰·默勒/诺亚·泰勒,动作片/冒险/惊悚片,中国香港,英语,102分钟

扎克·施奈德,扎克·施奈德/库尔特·约恩斯塔德/迈克尔·高顿/弗兰克·米勒/LynnVarley,杰拉德·巴特勒/琳娜·海蒂/多米尼克·韦斯特/大卫·文翰/文森特·里根,动作片/剧情,美国,英语,117分钟

乔·庄斯顿,克里斯托弗·马库斯/斯蒂芬·麦克菲利/乔·西蒙/杰克·科比,克里斯·埃文斯/海莉·阿特维尔/塞巴斯蒂安·斯坦/TommyLeeJones/雨果·维文,动作片/冒险/科幻,美国,英语,124分钟

布莱恩·德,奥利佛·斯通/霍华德·霍克斯/本·赫克特/ArmitageTrail,阿尔·帕西诺/斯蒂文·鲍尔/米歇尔·菲佛/玛丽·伊丽莎白/罗伯特·劳吉亚,犯罪/剧情,美国,英语,142分钟

乔治·卢卡斯,乔治·卢卡斯,连姆·尼森/伊万·麦克格雷格/娜塔莉·波特曼/杰克·洛伊德/伊恩·麦克迪阿梅德,动作片/冒险/奇幻片/科幻,美国,英语,136分钟

乔尔·科恩/伊桑·科恩,伊桑·科恩/乔尔·科恩,杰夫·布里吉斯/约翰·古德曼/朱丽安·摩尔/史蒂夫·布西密/DavidHuddleston,犯罪/喜剧/体育,美国,英语,117分钟

罗曼·波兰斯基,罗纳德·哈伍德/WladyslawSzpilman,艾德里安·布洛迪/艾米莉娅·福克斯/米哈乌·热布罗夫斯基/埃德·斯托帕德/MaureenLipman,传记/剧情/音乐剧/战争,英国,英语,150分钟

乔治·卢卡斯,乔治·卢卡斯,伊万·麦克格雷格/娜塔莉·波特曼/海登·克里斯滕森/伊恩·麦克迪阿梅德/塞缪尔·杰克逊,动作片/冒险/奇幻片/科幻,美国,英语,140分钟

Jean-PierreJeunet,纪尧姆·洛朗/Jean-PierreJeunet,奥黛丽·塔图/马修·卡索维茨/吕菲斯/洛莱拉·克拉沃塔/塞尔日·梅兰,喜剧/爱情,法国,法语,122分钟

F.GaryGray,马特·霍洛维/阿特·马库姆/劳威尔·坎宁安,克里斯·海姆斯沃斯/泰莎·汤普森/丽贝卡·弗格森/拉菲·斯波/艾玛·汤普森,动作片/冒险/喜剧/科幻,中国大陆,英语,114分钟

马丁·斯科塞斯,保罗·施拉德,DiahnneAbbott/RobinsonFrankAdu/维克多·阿尔果/GinoArdito/GarthAvery,犯罪/剧情,美国,英语,110分钟

亚历山德罗·卡罗尼/吕寅荣,乔纳森·阿贝尔/格伦·伯杰/伊森·瑞弗/塞卢斯·沃瑞斯,KresimirMikic,动作片/冒险/动画/喜剧/家庭/奇幻片,中国大陆,英语,95分钟

韦斯·安德森,斯蒂芬·茨威格/韦斯·安德森/雨果·吉尼斯,拉尔夫·费因斯/F.MurrayAbraham/马修·阿马立克/艾德里安·布洛迪/威廉·达福,冒险/犯罪/喜剧,德国,英语,99分钟

达伦·阿伦诺夫斯基,马克·海曼/安德雷斯·海因斯/约翰,娜塔莉·波特曼/米拉·库尼斯/文森特·卡索/芭芭拉·赫希/薇诺娜·瑞德,剧情/惊悚片,美国,英语,108分钟

邓肯·琼斯,查尔斯·里维特/邓肯·琼斯,崔维斯·费米尔/宝拉·巴顿/本·福斯特/多米尼克·库珀/托比·凯贝尔,动作片/冒险/奇幻片,中国大陆,英语,123分钟

费尔南多·梅里尔斯/卡迪亚·兰德,保罗·林斯/布罗里欧·曼托伐尼,亚历桑德雷·罗德里格斯/LeandroFirmino/菲利佩·哈根森/道格拉斯·席尔瓦/乔纳森·哈根森,犯罪/剧情,巴西,葡萄牙语,135分钟

达米恩·查泽雷,达米恩·查泽雷,迈尔斯·特勒/J·K·西蒙斯/保罗·雷瑟/梅莉莎·班诺伊/奥斯汀·斯托维尔,剧情/音乐剧,美国,英语,106分钟

扎克·施奈德,大卫/克里斯托弗·诺兰/杰里·西格尔/乔·舒斯特,亨利·卡维尔/艾米·亚当斯/迈克尔·珊农/戴安·琳恩/罗素·克劳,动作片/冒险/科幻,美国,英语,143分钟

山姆·雷米,斯坦·李/史蒂夫·迪特寇/大卫·凯普,托比·马奎尔/威廉·达福/克斯汀·邓斯特/詹姆斯·弗兰科/克里夫·罗伯逊,动作片/冒险/科幻,美国,英语,121分钟

彼得·博格,彼得·博格/马特·库克/约书亚·祖特曼/保罗·塔马西/埃瑞克·约翰逊,马克·沃尔伯格/DickyEklundJr./MichaelMarchand/RhetKidd/约翰·古德曼,动作片/犯罪/剧情/历史/惊悚片,中国香港,英语,133分钟

史蒂文·斯皮尔伯格,杰弗里·鲍姆/乔治·卢卡斯/门诺·迈依杰斯/菲利普·考夫曼,哈里森·福特/肖恩·康纳利/丹霍姆·艾略特/艾莉森·杜迪/约翰·瑞斯,动作片/冒险,美国,英语,127分钟

盖尔·曼库索,W.BruceCameron/凯瑟琳·迈克/玛雅·福布斯/华莱士·沃洛达斯基,丹尼斯·奎德/凯瑟琳·普雷斯科特/玛格·海根柏格/贝蒂·吉尔平/刘宪华,喜剧/剧情/家庭/奇幻片,中国大陆,英语,

亚利桑德罗·冈萨雷斯,马克/亚利桑德罗·冈萨雷斯/迈克尔·庞克,莱昂纳多·迪卡普里奥/汤姆·哈迪/多姆纳尔·格里森/威尔·保尔特/福勒斯特·古德勒克,动作片/冒险/传记/剧情/历史/西部,美国,英语,156分钟

雷德利·斯科特,汉普顿·范彻/大卫·韦伯/菲利普,哈里森·福特/鲁特格尔·哈尔/肖恩·杨/爱德华·詹姆斯/M.EmmetWalsh,动作片/科幻/惊悚片,美国,英语,110分钟

弗朗西斯·劳伦斯,马克·波托塞维奇/阿齐瓦·高斯曼/理查德·麦瑟森/约翰·威廉/乔伊斯·胡珀,威尔·史密斯/艾莉丝·布拉加/查理·塔汉/莎莉·理查德森/薇洛·史密斯,冒险/剧情/科幻/惊悚片,美国,英语,104分钟

莫滕·泰杜姆,格拉汉姆·摩尔/安德鲁·霍奇斯,本尼迪克特·康伯巴奇/凯拉·奈特莉/马修·古迪/RoryKinnear/艾伦·里奇,传记/剧情/惊悚片/战争/同性,英国,英语,114分钟

赛尔乔·莱昂内,卢恰诺·温琴佐尼/赛尔乔·莱昂内/阿杰诺雷·因克罗奇/富里奥·斯卡佩利,埃里·瓦拉赫/克林特·伊斯特伍德/李·范/AldoGiuffrè/路易吉·皮斯蒂利,西部,意大利,意大利语,142分钟

昆汀·塔伦蒂诺,昆汀·塔伦蒂诺/乌玛·瑟曼,薇薇卡·福克斯/AmbrosiaKelley/迈克尔·帕克斯/詹姆士·帕克斯/JonathanLoughran,动作片/犯罪/惊悚片,美国,英语,137分钟

F.GaryGray,盖瑞·斯科特/克里斯·摩根,范·迪塞尔/杰森·斯坦森/道恩·强森/米歇尔·罗德里格兹/泰瑞斯·吉布森,动作片/冒险/犯罪/惊悚片,中国大陆,英语,148分钟

布莱恩·辛格,西蒙·金伯格/简·古德曼/马修·沃恩/杰克·科比/斯坦·李,休·杰克曼/詹姆斯·麦卡沃伊/迈克尔·法斯宾德/詹妮弗·劳伦斯/哈莉·贝瑞,动作片/冒险/科幻/惊悚片,美国,英语,151分钟

西德尼·吕美特,雷金纳德·罗斯,马丁·鲍尔萨姆/约翰·菲德勒/李·科布/E.G.Marshall/杰克·克卢格曼,剧情,美国,英语,96分钟

斯坦利·库布里克,斯坦利·库布里克/迈克尔·海尔/古斯塔夫·哈斯福德,马修·莫迪恩/亚当·鲍德温/文森特·多诺费奥/R.LeeErmey/DorianHarewood,剧情/战争,英国,英语,116分钟

迪恩·德布洛斯/克里斯·桑德斯,威廉姆·戴维斯/迪恩·德布洛斯/克里斯·桑德斯/葛蕾熙达·柯维尔/马克·海曼,,动作片/冒险/动画/家庭/奇幻片,美国,英语,98分钟

戈尔·维宾斯基,泰德·艾略特/特里·鲁西奥/斯图尔特·贝亚蒂耶/杰·沃尔伯特,约翰尼·德普/奥兰多·布鲁姆/凯拉·奈特莉/杰克·达文波特/比尔·奈伊,动作片/冒险/奇幻片,美国,英语,151分钟

安东尼·罗素/乔·罗素,克里斯托弗·马库斯/斯蒂芬·麦克菲利/乔·西蒙/杰克·科比/MarkMillar,克里斯·埃文斯/小罗伯特·唐尼/斯嘉丽·约翰逊/塞巴斯蒂安·斯坦/安东尼·麦凯,动作片/冒险/科幻,美国,英语,147分钟

布拉德·伯德,布拉德·伯德,瑞内·比托拉贾奇/布兰科·德约里奇/BojanaGregoric/SinisaPopovic/菲利普·索瓦戈维奇,动作片/冒险/动画/家庭,美国,英语,115分钟

詹姆斯·卡梅隆,詹姆斯·卡梅隆/大卫·吉勒/WalterHill/丹·欧班农/罗纳德·舒塞特,西格妮·韦弗/CarrieHenn/迈克尔·比恩/保罗·雷瑟/LanceHenriksen,动作片/冒险/科幻/惊悚片,美国,英语,154分钟

史蒂夫·麦奎因,约翰·里德利/所罗门·诺萨普,切瓦特·埃加福/德怀特·亨利/DickieGravois/拜伦·巴特/阿什利·戴克,传记/剧情/历史,英国,英语,134分钟

丹尼·博伊尔,埃文·威尔什/约翰·霍奇,伊万·麦克格雷格/艾文·布莱纳/约翰尼·李/凯文·麦克基德/罗伯特·卡莱尔,剧情,英国,英语,105分钟

詹姆斯·曼高德,詹姆斯·曼高德/斯科特·弗兰克/迈克尔·格林/约翰尼·罗密特/罗伊·托马斯,休·杰克曼/帕特里克·斯图尔特/达芙妮·基恩/BoydHolbrook/斯戴芬·莫昌特,动作片/剧情/科幻/惊悚片,美国,英语,122分钟

乔治·卢卡斯,乔治·卢卡斯/JonathanHales,伊万·麦克格雷格/娜塔莉·波特曼/海登·克里斯滕森/克里斯托弗·李/塞缪尔·杰克逊,动作片/冒险/奇幻片/科幻,美国,英语,142分钟

克林特·伊斯特伍德,保罗·哈吉斯/F.X.Toole,克林特·伊斯特伍德/希拉里·斯万克/摩根·弗里曼/杰伊·巴鲁切尔/迈克·柯尔特,剧情/体育,美国,英语,132分钟

布拉德·伯德/简·皮克瓦,布拉德·伯德/简·皮克瓦/吉姆·卡波比安科/埃米莉·库克/凯茜·格林伯格,,冒险/动画/喜剧/剧情/家庭/奇幻片,美国,英语,111分钟

扎克·施奈德,克里斯·特里奥/大卫/鲍勃·凯恩/比尔·芬格/杰里·西格尔,本·阿弗莱克/亨利·卡维尔/艾米·亚当斯/杰西·艾森伯格/戴安·琳恩,动作片/冒险/科幻,美国,英语,183分钟

弗朗西斯·劳伦斯,西蒙·博福伊/迈克尔·阿恩特/苏珊·科林斯,詹妮弗·劳伦斯/利亚姆·海姆斯沃斯/杰克·奎德/泰勒·圣克莱尔/桑德拉·埃利斯,动作片/冒险/科幻/惊悚片,美国,英语,146分钟

克里斯·哥伦布,J·K·罗琳/史蒂夫·克洛夫斯,理查德·哈里斯/玛吉·史密斯/罗彼·考特拉尼/SaundersTriplets/丹尼尔·雷德克里夫,冒险/家庭/奇幻片,英国,英语,159分钟

吉尔莫·德尔,吉尔莫·德尔,伊万娜·巴克罗/塞尔希·洛佩斯/玛丽维尔·贝尔杜/道格·琼斯/阿里亚德娜·希尔,剧情/奇幻片/战争,墨西哥,西班牙语,112分钟

保罗·格林格拉斯,托尼·吉尔罗伊/斯科特/乔治·诺非/罗伯特·鲁德鲁姆,马特·达蒙/朱丽娅·斯蒂尔斯/大卫·斯特雷泽恩/斯科特·格伦/帕迪·康斯戴恩,动作片/悬疑/惊悚片,美国,英语,115分钟

宫崎骏,宫崎骏,,冒险/动画/家庭/奇幻片/悬疑,日本,日语,125分钟

安德鲁·亚当森/维基·詹森,威廉·史塔克/泰德·艾略特/特里·鲁西奥/乔·斯蒂尔曼/罗杰,PattyCornell/AleksandarCvjetkovic/CharlesDennis/苏珊·菲泽/JeremyHarrington,冒险/动画/喜剧/家庭/奇幻片,美国,英语,90分钟

乔尔·科恩/伊桑·科恩,伊桑·科恩/乔尔·科恩,威廉姆·H·梅西/史蒂夫·布西密/彼得·斯特曼/KristinRudrüd/哈威·普雷斯内尔,犯罪/剧情/惊悚片,美国,英语,98分钟

迈克尔·贝,罗伯托·奥奇/艾里克斯·库兹曼/约翰·罗杰斯,希亚·拉博夫/梅根·福克斯/乔什·杜哈明/泰瑞斯·吉布森/瑞切尔·泰勒,动作片/冒险/科幻,美国,英语,144分钟

彼得·杰克逊,弗兰·威尔士/菲利帕·鲍恩斯/彼得·杰克逊/吉尔莫·德尔/J.R.R.Tolkien,伊恩·麦克莱恩/马丁·弗瑞曼/理查德·阿米蒂奇/肯·斯托特/格拉汉姆·麦克泰维什,冒险/奇幻片,新西兰,英语,186分钟

罗伯托·贝尼尼,温琴佐·切拉米/罗伯托·贝尼尼,罗伯托·贝尼尼/尼可莱塔·布拉斯基/乔治·坎塔里尼/朱斯蒂诺·杜拉诺/赛尔乔·比尼,喜剧/剧情/爱情/战争,意大利,意大利语,116分钟

彼特·道格特/罗纳尔多·德尔,彼特·道格特/罗纳尔多·德尔/梅格·勒福夫/乔什·库雷/迈克尔·阿恩特,,冒险/动画/喜剧/剧情/家庭/奇幻片,美国,英语,95分钟

戈尔·维宾斯基,泰德·艾略特/特里·鲁西奥/斯图尔特·贝亚蒂耶/杰·沃尔伯特,约翰尼·德普/杰弗里·拉什/奥兰多·布鲁姆/凯拉·奈特莉/杰克·达文波特,动作片/冒险/奇幻片,美国,英语,128分钟

马克·福斯特,马修·迈克尔/德鲁·高达/达蒙·林德洛夫/J.MichaelStraczynski/马克斯·布鲁克斯,布拉德·皮特/米瑞·伊诺丝/达妮埃拉·凯尔泰斯/詹姆斯·戴尔/鲁迪·博肯,动作片/冒险/恐怖/科幻,美国,英语,123分钟

弗朗西斯·福特·科波拉,约翰·米利厄斯/弗朗西斯·福特·科波拉/迈克尔·海尔/约瑟夫·康拉德,马龙·白兰度/马丁·辛/罗伯特·杜瓦尔/弗雷德里克·福瑞斯特/山姆·伯顿斯,剧情/悬疑/战争,美国,英语,183分钟

阿兰·泰勒,克里斯托弗·约斯特/克里斯托弗·马库斯/斯蒂芬·麦克菲利/唐·佩恩/罗伯特·罗达特,克里斯·海姆斯沃斯/娜塔莉·波特曼/汤姆·希德勒斯顿/安东尼·霍普金斯/克里斯托弗·埃克莱斯顿,动作片/冒险/奇幻片,美国,英语,112分钟

马修·沃恩,简·古德曼/马修·沃恩/MarkMillar/戴夫·吉布森,艾德里安·奎因顿/科林·费尔斯/马克·斯特朗/JonnoDavies/杰克·达文波特,动作片/冒险/喜剧/惊悚片,英国,英语,129分钟

斯坦利·库布里克,斯坦利·库布里克/亚瑟·克拉克,KeirDullea/加里·洛克伍德/威廉姆·西尔维斯特/丹尼尔·里希特/雷纳德·洛塞特,冒险/科幻,美国,英语,149分钟

J·J·艾布拉姆斯,罗伯托·奥奇/艾里克斯·库兹曼/吉恩·罗登贝瑞,克里斯·派恩/扎克瑞·昆图/伦纳德·尼莫伊/艾瑞克·巴纳/布鲁斯·格林伍德,动作片/冒险/科幻,美国,英语,127分钟

阿尔弗雷德·希区柯克,约瑟夫·斯蒂凡诺/罗伯特·布洛克,安东尼·博金斯/维拉·迈尔斯/约翰·加文/珍妮特·利/马丁·鲍尔萨姆,恐怖/悬疑/惊悚片,美国,英语,108分钟

盖·里奇,迈克尔·罗伯特/安东尼·佩卡姆/西蒙·金伯格/莱昂内尔·威格拉姆/阿瑟·柯南,小罗伯特·唐尼/裘德·洛/瑞秋·麦克亚当斯/马克·斯特朗/埃迪·马森,动作片/冒险/犯罪/悬疑/惊悚片,美国,英语,128分钟

大卫·阿耶,大卫·阿耶/JohnOstrander,威尔·史密斯/JaimeFitzSimons/伊克·巴里霍尔兹/玛格特·罗比/ChristopherDyson,动作片/冒险/奇幻片/科幻,美国,英语,134分钟

大卫·芬奇,艾瑞克·罗斯/罗宾·史威考德/F.ScottFitzgerald,凯特·布兰切特/布拉德·皮特/朱莉娅·奥蒙德/芳妮/伊莱亚斯·科泰斯,剧情/奇幻片/爱情,美国,英语,166分钟

丹尼斯·维伦纽瓦,埃里克·海瑟尔/姜峯楠,艾米·亚当斯/杰瑞米·雷纳/福里斯特·惠特克/迈克尔·斯图巴/MarkO'Brien,剧情/悬疑/科幻/惊悚片,美国,英语,116分钟

科林·特雷沃罗,里克·杰法/阿曼达·斯尔沃/科林·特雷沃罗/德里克·康纳利/迈克尔·克莱顿,克里斯·帕拉特/布莱丝·达拉斯/伊尔凡·可汗/文森特·多诺费奥/泰·辛普金斯,动作片/冒险/科幻,美国,英语,124分钟

哈罗德·雷米斯,丹尼·鲁宾/哈罗德·雷米斯,比尔·默瑞/安迪·麦克道威尔/克里斯·艾略特/斯蒂芬·托布罗斯基/布赖恩·道尔,喜剧/奇幻片/爱情,美国,英语,101分钟

本·阿弗莱克,克里斯·特里奥/托尼·门德兹/约书亚·比尔曼,本·阿弗莱克/布莱恩·科兰斯顿/艾伦·阿金/约翰·古德曼/维克多·加博,传记/剧情/惊悚片,美国,英语,130分钟

马丁·坎贝尔,尼尔·珀维斯/罗伯特·韦德/保罗·哈吉斯/伊恩·弗莱明,丹尼尔·克雷格/伊娃·格林/麦斯·米科尔森/朱迪·丹奇/杰弗里·怀特,动作片/冒险/惊悚片,英国,塞尔维亚语,144分钟

李安,扬·马特尔/大卫·麦基,苏拉·沙玛/伊尔凡·可汗/阿尤什·坦东/GautamBelur/阿迪勒·侯赛因,冒险/剧情/奇幻片,美国,阿拉伯语,127分钟

特瑞·吉列姆,克里斯·马克/大卫·韦伯/珍妮特·皮普尔斯,JosephMelito/布鲁斯·威利斯/乔恩·塞达/MichaelChance/VernonCampbell,悬疑/科幻/惊悚片,美国,英语,129分钟

亚利桑德罗·冈萨雷斯,亚利桑德罗·冈萨雷斯/尼古拉斯·迦科波恩/亚历山大·迪内拉里斯/阿尔曼多·博/雷蒙德·卡佛,迈克尔·基顿/艾玛·斯通/KennyChin/JamahlGarrison-Lowe/扎克·加利凡纳基斯,喜剧/剧情,美国,英语,119分钟

布莱恩·辛格,TomDeSanto/布莱恩·辛格/大卫·海特,休·杰克曼/帕特里克·斯图尔特/伊恩·麦克莱恩/法米克·詹森/詹姆斯·麦斯登,动作片/冒险/科幻,美国,英语,104分钟

克里斯·巴克/珍妮弗·李,珍妮弗·李/安徒生/克里斯·巴克/夏恩·莫里斯,KatieLopez/AgathaLeeMonn,冒险/动画/喜剧/家庭/奇幻片/歌舞剧,美国,英语,102分钟

皮埃尔·莫瑞尔,吕克·贝松/罗伯特·马克,连姆·尼森/玛姬·格蕾斯/利兰·奥瑟/强·格瑞斯/大卫·沃肖夫斯基,动作片/惊悚片,法国,英语,93分钟

迈克尔·曼,迈克尔·曼,阿尔·帕西诺/罗伯特·德尼罗/方·基默/强·沃特/汤姆·塞兹摩尔,犯罪/剧情/惊悚片,美国,英语,170分钟

西恩·潘,西恩·潘/乔恩·克拉考尔,埃米尔·赫斯基/马西娅·盖伊·哈登/威廉·赫特/吉娜·马隆/布莱恩,冒险/传记/剧情,美国,英语,148分钟

尼古拉斯·温丁,霍辛·阿米尼/JamesSallis,瑞恩·高斯林/凯瑞·穆里根/布莱恩·科兰斯顿/艾伯特·布鲁克斯/奥斯卡·伊萨克,犯罪/剧情,美国,英语,100分钟

马克·韦布,詹姆斯·范德比尔特/阿尔文·萨金特/史蒂夫·克洛夫斯/斯坦·李/史蒂夫·迪特寇,安德鲁·加菲尔德/艾玛·斯通/瑞斯·伊凡斯/丹尼斯·利瑞/马丁·辛,动作片/科幻,美国,英语,136分钟

佩顿·里德,埃德加·赖特/乔·考尼什/亚当·麦凯/保罗·路德/斯坦·李,保罗·路德/迈克尔·道格拉斯/伊万杰琳·莉莉/寇瑞·斯托尔/鲍比·坎纳瓦尔,动作片/冒险/喜剧/科幻,美国,英语,117分钟

詹姆斯·古恩,詹姆斯·古恩/丹·阿布内特/安迪·兰宁/史蒂夫·恩格尔哈特/史蒂夫·甘,克里斯·帕拉特/佐伊·索尔达娜/戴夫·巴蒂斯塔/迈克尔·鲁克/凯伦·吉兰,动作片/冒险/喜剧/科幻,美国,英语,136分钟

莱恩·约翰逊,莱恩·约翰逊/乔治·卢卡斯,马克·哈米尔/凯丽·费雪/亚当·德赖弗/黛西·雷德利/约翰·博耶加,动作片/冒险/奇幻片/科幻,美国,英语,152分钟

加里斯·爱德华斯,克里斯·韦兹/托尼·吉尔罗伊/约翰·诺尔/加里·维塔/乔治·卢卡斯,菲丽希缇·琼斯/迭戈·卢纳/艾伦·图代克/甄子丹/姜文,动作片/冒险/科幻,美国,英语,133分钟

史蒂文·斯皮尔伯格,彼得·本奇利/卡尔·哥特列布,罗伊·沙伊德尔/RobertShaw/理查德·德莱福斯/洛兰·加里/MurrayHamilton,冒险/剧情/惊悚片,美国,英语,130分钟

山姆·雷米,斯坦·李/史蒂夫·迪特寇/艾尔弗雷德·高福/迈尔斯·米勒/迈克尔·夏邦,托比·马奎尔/克斯汀·邓斯特/詹姆斯·弗兰科/阿尔弗雷德·莫里纳/罗斯玛丽·哈里斯,动作片/冒险/科幻,美国,英语,135分钟

派蒂·杰金斯,艾伦·海因伯格/扎克·施奈德/贾森·福克斯/威廉·马斯顿/HarryG.Peter,盖尔·加朵/克里斯·派恩/康妮·尼尔森/罗宾·怀特/丹尼·赫斯顿,动作片/冒险/奇幻片/科幻/战争,美国,英语,141分钟

克里斯·哥伦布,J·K·罗琳/史蒂夫·克洛夫斯,丹尼尔·雷德克里夫/鲁伯特·格林特/艾玛·沃森/理查德·格雷弗斯/费奥纳·肖,冒险/家庭/奇幻片/悬疑,英国,英语,174分钟

阿方索·卡隆,J·K·罗琳/史蒂夫·克洛夫斯,丹尼尔·雷德克里夫/理查德·格雷弗斯/帕姆·费里斯/费奥纳·肖/哈利·米尔林,冒险/家庭/奇幻片/悬疑,英国,英语,142分钟

克里斯托弗·诺兰,克里斯托弗·诺兰,菲恩·怀特海德/达米安·勃纳尔/阿奈林·巴纳德/LeeArmstrong/詹姆斯·布鲁尔,动作片/剧情/历史/惊悚片/战争,英国,英语,106分钟

迈克·内威尔,史蒂夫·克洛夫斯/J·K·罗琳,埃里克·赛克斯/蒂莫西·斯波/大卫·田纳特/丹尼尔·雷德克里夫/艾玛·沃森,冒险/家庭/奇幻片/悬疑,英国,英语,166分钟

罗兰·艾默里奇,迪安·德夫林/罗兰·艾默里奇,威尔·史密斯/比尔·普尔曼/杰夫·高布伦/玛丽·麦克唐纳/JuddHirsch,动作片/冒险/科幻,美国,英语,154分钟

柯蒂斯·汉森,詹姆斯·艾罗瑞/布莱恩·海尔格兰德/柯蒂斯·汉森,凯文·史派西/罗素·克劳/盖·皮尔斯/詹姆斯·克伦威尔/金·贝辛格,犯罪/剧情/悬疑/惊悚片,美国,英语,138分钟

盖·里奇,盖·里奇,杰森·弗莱明/德克斯特·弗莱彻/NickMoran/杰森·斯坦森/斯蒂文·麦金托什,犯罪/喜剧,英国,英语,107分钟

查德·斯塔赫斯基/大卫·雷奇,德里克·科尔斯塔,基努·里维斯/迈克尔·恩奎斯特/阿尔菲·艾伦/威廉·达福/迪恩·文特斯,动作片/犯罪/惊悚片,美国,英语,101分钟

格雷格·莫托拉,塞斯·罗根/埃文·戈德堡,乔纳·希尔/迈克尔·塞拉/克里斯托夫·梅兹/比尔·哈德尔/塞斯·罗根,喜剧,美国,英语,119分钟

约翰·拉塞特/艾什·布兰农/李·昂克里奇,约翰·拉塞特/彼特·道格特/艾什·布兰农/安德鲁·斯坦顿/萧丽塔,罗伯特·顾雷特/KresimirMikic/RankoZidaric,冒险/动画/喜剧/家庭/奇幻片,美国,英语,82分钟

布莱恩·辛格,扎克·佩恩/大卫·海特/布莱恩·辛格/迈克尔·道赫蒂/丹·哈里斯,帕特里克·斯图尔特/休·杰克曼/伊恩·麦克莱恩/哈莉·贝瑞/法米克·詹森,动作片/科幻/惊悚片,加拿大,英语,134分钟

迈克尔·柯蒂兹,朱利叶斯/菲利普/霍华德·科克/MurrayBurnett/JoanAlison,亨弗莱·鲍嘉/英格丽·褒曼/PaulHenreid/克劳德·雷恩斯/康拉德·韦特,剧情/爱情/战争,美国,英语,82分钟

巴里·索南菲尔德,劳威尔·坎宁安/艾德·索罗门,TommyLeeJones/威尔·史密斯/琳达·费奥伦蒂诺/文森特·多诺费奥/雷普·汤恩,动作片/冒险/喜剧/科幻,美国,英语,98分钟

拉娜·沃卓斯基/莉莉·沃卓斯基,莉莉·沃卓斯基/拉娜·沃卓斯基,RayAnthony/克里斯汀·阿努/AndyArness/AlimaAshton-Sheibu/赫尔穆特·巴凯蒂斯,动作片/科幻,美国,英语,138分钟

尼克·卡萨维蒂,杰里米·莱文/扬·萨尔迪/尼古拉斯·斯帕克斯,TimIvey/吉娜·罗兰兹/斯塔尔勒塔·杜波利斯/詹姆斯·加纳/Anthony-MichaelQ.Thomas,剧情/爱情,美国,英语,123分钟

JohnG.Avildsen,西尔维斯特·史泰龙,西尔维斯特·史泰龙/塔莉娅·夏尔/波特·杨/卡尔·韦瑟斯/布吉斯·梅迪斯,剧情/体育,美国,英语,145分钟

罗伯特·泽米吉斯,小威廉·保尔斯,1931-09-21/拉瑞·怀特/LeonidCiter/DavidAllenBrooks/YelenaPopovic,冒险/剧情/爱情,美国,英语,143分钟

史蒂文·索德伯格,乔治·克莱顿/杰克·戈登/哈利·布朗/CharlesLederer/泰德·格里芬,乔治·克鲁尼/LoriGalinski/伯尼·麦克/布拉德·皮特/MarkGantt,犯罪/惊悚片,美国,英语,116分钟

道格·里曼,托尼·吉尔罗伊/W.BlakeHerron/罗伯特·鲁德鲁姆,马特·达蒙/弗朗卡·波滕特/克里斯·库珀/克莱夫·欧文/布莱恩·考克斯,动作片/悬疑/惊悚片,美国,英语,119分钟

埃德加·赖特,西蒙·佩吉/埃德加·赖特,西蒙·佩吉/凯特·阿什菲尔德/尼克·弗罗斯特/露茜·戴维斯/迪兰·莫兰,喜剧/恐怖,英国/法国,英语,99分钟

史蒂文·斯皮尔伯格,菲利普/斯科特·弗兰克/乔恩·科恩,汤姆·克鲁斯/马克斯·冯/史蒂夫·哈里斯/尼尔·麦克唐纳/帕特里克·基尔帕特里克,动作片/犯罪/悬疑/科幻/惊悚片,美国,英语,145分钟

昆汀·塔伦蒂诺,昆汀·塔伦蒂诺,塞缪尔·杰克逊/库尔特·拉塞尔/詹妮弗·杰森/WaltonGoggins/德米安·比齐尔,犯罪/剧情/悬疑/惊悚片/西部,美国,英语,213分钟

保罗·托马斯,保罗·托马斯/厄普顿·辛克莱,丹尼尔·戴/MartinStringer/MatthewBradenStringer/JacobStringer/JosephMussey,剧情,美国,英语,158分钟

朴赞郁,土屋加仑/岭岸信明/Chan-wookPark/朴赞郁/林俊亨,崔岷植/Ji-TaeYoo/Hye-jeongKang/池大汉/吴达洙,动作片/剧情/悬疑/惊悚片,韩国,韩语,101分钟

扎克·施奈德,大卫·海特/亚历克斯·谢/戴夫·吉布森/艾伦·摩尔,玛琳·阿克曼/比利·克鲁德普/马修·古迪/杰基·厄尔/杰弗里·迪恩,动作片/剧情/悬疑/科幻,美国,英语,215分钟

亚历克斯·普罗亚斯,杰夫·温塔/阿齐瓦·高斯曼/IsaacAsimov,威尔·史密斯/布丽姬·穆娜/艾伦·图代克/詹姆斯·克伦威尔/布鲁斯·格林伍德,动作片/犯罪/剧情/科幻/惊悚片,美国,英语,115分钟

特瑞·吉列姆/特瑞·琼斯,GrahamChapman/约翰·克立斯/艾瑞克·爱都/特瑞·吉列姆/特瑞·琼斯,GrahamChapman/约翰·克立斯/艾瑞克·爱都/特瑞·吉列姆/特瑞·琼斯,冒险/喜剧/奇幻片,英国,英语,91分钟

乔·沃茨,乔纳森/约翰·弗朗西斯/乔·沃茨/克里斯托弗/克里斯·麦克纳,汤姆·赫兰德/迈克尔·基顿/小罗伯特·唐尼/玛丽莎·托梅/乔恩·费儒,动作片/冒险/科幻,美国,英语,133分钟

山姆·雷米,山姆·雷米/伊万·莱米/阿尔文·萨金特/斯坦·李/史蒂夫·迪特寇,托比·马奎尔/克斯汀·邓斯特/詹姆斯·弗兰科/托马斯·哈登/托弗·戈瑞斯,动作片/科幻,美国,英语,137分钟

贾森·雷特曼,迪亚波罗·科蒂,艾利奥特·佩吉/迈克尔·塞拉/詹妮弗·加纳/杰森·贝特曼/艾莉森·珍妮,喜剧/剧情,美国,英语,96分钟

爱德华·兹威克,查尔斯·里维特/C.GabyMitchell,莱昂纳多·迪卡普里奥/杰曼·翰苏/詹妮弗·康纳利/KagisoKuypers/阿诺德·沃斯洛,冒险/剧情/惊悚片,美国,英语,143分钟

大卫·叶茨,迈克尔·戈登伯格/J·K·罗琳,丹尼尔·雷德克里夫/哈利·米尔林/JasonBoyd/RichardMacklin/KathrynHunter,动作片/冒险/家庭/奇幻片/悬疑,英国,英语,138分钟

达米恩·查泽雷,达米恩·查泽雷,瑞恩·高斯林/艾玛·斯通/艾米·科恩/特里·沃尔特斯/汤姆·谢尔顿,喜剧/剧情/音乐剧/歌舞剧/爱情,美国,英语,128分钟

沃尔夫冈·彼德森,Homer/戴维·贝尼奥夫,朱利安·格洛弗/布莱恩·考克斯/内森·琼斯/阿多尼·马洛皮斯/雅各布·史密斯,剧情/历史,美国,英语,196分钟

布莱特·拉特纳,西蒙·金伯格/扎克·佩恩,休·杰克曼/哈莉·贝瑞/伊恩·麦克莱恩/帕特里克·斯图尔特/法米克·詹森,动作片/科幻,加拿大,英语,104分钟

邓肯·琼斯,本·雷普利,杰克·吉伦哈尔/米歇尔·莫纳汉/维拉·法米加/杰弗里·怀特/迈克尔·阿登,动作片/剧情/悬疑/科幻/惊悚片,美国,英语,93分钟

彼得·杰克逊,弗兰·威尔士/菲利帕·鲍恩斯/彼得·杰克逊/吉尔莫·德尔/J.R.R.Tolkien,伊恩·麦克莱恩/马丁·弗瑞曼/理查德·阿米蒂奇/肯·斯托特/格拉汉姆·麦克泰维什,冒险/奇幻片,新西兰,英语,164分钟

巴瑞·莱文森,巴里·莫罗/罗纳德·巴斯,达斯汀·霍夫曼/汤姆·克鲁斯/瓦莱丽亚·戈利诺/GeraldR.Molen/JackMurdock,剧情,美国,英语,133分钟

吉尔莫·德尔,特拉维斯·比彻姆/吉尔莫·德尔,查理·汉纳姆/迪亚哥·克莱特霍夫/伊德里斯·艾尔巴/RinkoKikuchi/查理·戴,动作片/冒险/科幻,美国,英语,131分钟

乔丹·皮尔,乔丹·皮尔,丹尼尔·卡卢亚/艾莉森·威廉姆斯/凯瑟琳·基纳/布莱德利·惠特福德/卡赖伯·兰德里,恐怖/悬疑/惊悚片,美国,英语,104分钟

爱德华·兹威克,理查德·温克/爱德华·兹威克/马歇尔·赫斯科维兹/李查德,汤姆·克鲁斯/寇碧·史莫德斯/阿尔迪斯·霍吉/达妮卡·亚罗什/帕特里克·赫辛格,动作片/惊悚片,中国大陆,英语,118分钟

MaryHarron,布莱特·伊斯顿/MaryHarron/吉娜薇·特纳,克里斯蒂安·贝尔/贾斯汀·塞洛克斯/乔什·卢卡斯/比尔·萨奇/科洛·塞维尼,犯罪/剧情,美国,英语,101分钟

加文·胡德,戴维·贝尼奥夫/SkipWoods,休·杰克曼/列维·施瑞博尔/丹尼·赫斯顿/威廉姆·亚当斯/琳恩·柯林斯,动作片/冒险/科幻,美国,英语,119分钟

巴兹·鲁赫曼,巴兹·鲁赫曼/克雷格·皮尔斯/F.ScottFitzgerald,丽莎·亚当/弗兰克·奥尔德里奇/阿米达普·巴强/史提夫·比斯利/理查德·卡特,剧情/爱情,澳大利亚,英语,143分钟

罗伯特·泽米吉斯,罗伯特·泽米吉斯/鲍勃·盖尔,迈克尔/克里斯托弗·洛伊德/莉·汤普森/托马斯/伊丽莎白·苏,冒险/喜剧/科幻,美国,英语,108分钟

大卫·叶茨,史蒂夫·克洛夫斯/J·K·罗琳,比尔·奈伊/艾玛·沃森/理查德·格雷弗斯/哈利·米尔林/丹尼尔·雷德克里夫,冒险/家庭/奇幻片/悬疑,英国,英语,146分钟

大卫·雷奇,瑞特·里斯/保罗·韦尼克/瑞恩·雷诺兹/罗伯·莱菲尔德/FabianNicieza,瑞恩·雷诺兹/乔什·布洛林/莫蕾娜·巴卡琳/朱利安·迪尼森/莎姬·贝兹,动作片/冒险/喜剧/科幻,美国,英语,117分钟

亚历克斯·加兰,亚历克斯·加兰,多姆纳尔·格里森/艾丽西亚·维坎德/奥斯卡·伊萨克/水野索诺娅/克里·约翰逊,剧情/悬疑/科幻/惊悚片,英国,英语,108分钟

阿方索·卡隆,阿方索·卡隆/蒂莫西/大卫·阿莱塔/马克·弗格斯/霍克·奥斯比,克莱夫·欧文/JuanGabrielYacuzzi/迈克尔·凯恩/MishalHusain/RobCurling,剧情/惊悚片,美国,英语,109分钟

埃德加·赖特,埃德加·赖特/西蒙·佩吉,西蒙·佩吉/马丁·弗瑞曼/比尔·奈伊/RobertPopper/乔·考尼什,动作片/喜剧/悬疑,英国,英语,121分钟

克里斯·哥伦布,约翰·休斯,麦考利·卡尔金/乔·佩西/丹尼尔·斯特恩/约翰·赫德/罗伯茨·布洛瑟姆,喜剧/家庭,美国,英语,103分钟

大卫·叶茨,史蒂夫·克洛夫斯/J·K·罗琳,丹尼尔·雷德克里夫/迈克尔·刚本/DaveLegeno/埃拉丽卡·加拉切/吉姆·布劳德本特,动作片/冒险/家庭/奇幻片/悬疑,英国,英语,153分钟

大卫,埃里克·辛格尔/大卫,克里斯蒂安·贝尔/布莱德利·库珀/艾米·亚当斯/杰瑞米·雷纳/詹妮弗·劳伦斯,犯罪/剧情,美国,英语,129分钟

丹·吉尔罗伊,丹·吉尔罗伊,杰克·吉伦哈尔/迈克尔·帕帕约翰/马尔科·罗德里格斯/比尔·帕克斯顿/杰姆斯·黄,犯罪/剧情/惊悚片,美国,英语,117分钟

埃里克·布雷斯/J.MackyeGruber,J.MackyeGruber/埃里克·布雷斯,阿什顿·库彻/梅洛拉·沃尔特斯/艾米·斯马特/埃尔登·汉森/威廉姆·李,剧情/科幻/惊悚片,美国,英语,120分钟

道格·里曼,西蒙·金伯格,布拉德·皮特/安吉丽娜·朱莉/文斯·沃恩/亚当·布罗迪/凯丽·华盛顿,动作片/犯罪/喜剧/惊悚片,美国,英语,126分钟

昆汀·塔伦蒂诺,昆汀·塔伦蒂诺,莱昂纳多·迪卡普里奥/布拉德·皮特/玛格特·罗比/埃米尔·赫斯基/玛格丽特·库里,喜剧/剧情,美国,英语,161分钟

斯坦利·库布里克,斯坦利·库布里克/特里·索泽恩/彼得·乔治,彼得·塞勒斯/乔治/斯特林·海登/基南·怀恩/斯利姆·佩金斯,喜剧,英国,英语,95分钟

拉娜·沃卓斯基/莉莉·沃卓斯基,莉莉·沃卓斯基/拉娜·沃卓斯基,玛丽·爱丽丝/TanveerK.Atwal/赫尔穆特·巴凯蒂斯/凯特·宾汉/FrancineBell,动作片/科幻,美国,英语,129分钟

蒂姆·波顿,蒂姆·波顿/卡罗琳·汤普森,约翰尼·德普/薇诺娜·瑞德/黛安·韦斯特/安东尼·迈克尔/KathyBaker,剧情/奇幻片/爱情,美国,英语,105分钟

彼得·博格,VincentNgo/文斯·吉里根,威尔·史密斯/查理兹·塞隆/杰森·贝特曼/杰·海德/埃迪·马森,动作片/奇幻片,美国,越南语,102分钟

吕克·贝松,吕克·贝松,斯嘉丽·约翰逊/摩根·弗里曼/崔岷植/阿马尔·维克德/JulianRhind-Tutt,动作片/科幻/惊悚片,法国,英语,89分钟

史蒂文·斯皮尔伯格,威拉德·赫依克/格洛丽亚·卡茨/乔治·卢卡斯,哈里森·福特/凯特·卡普肖/关继威/阿莫瑞什·普瑞/RoshanSeth,动作片/冒险,美国,英语,118分钟

丹尼斯·维伦纽瓦,汉普顿·范彻/迈克尔·格林/菲利普,瑞恩·高斯林/戴夫·巴蒂斯塔/罗宾·怀特/MarkArnold/VilmaSzécsi,动作片/剧情/悬疑/科幻/惊悚片,美国,英语,164分钟

乔纳森·戴顿/维莱莉·法瑞斯,迈克尔·阿恩特,阿比盖尔·布雷斯林/格雷戈·金尼尔/保罗·达诺/艾伦·阿金/托妮·科莱特,喜剧/剧情/同性,美国,英语,101分钟

克林特·伊斯特伍德,杰森·霍尔/ChrisKyle/ScottMcEwen/JimDeFelice,布莱德利·库珀/凯尔·加尔纳/ColeKonis/本·里德/埃利斯·罗伯特森,动作片/传记/剧情/战争,美国,英语,133分钟

加布里埃莱·穆奇诺,斯蒂夫·康拉德,威尔·史密斯/贾登·史密斯/坦迪·牛顿/布莱恩·豪威/詹姆斯·凯伦,传记/剧情,美国,英语,117分钟

克里斯·韦奇/卡洛斯·沙尔丹哈,迈克尔/迈克尔·伯格/彼得·阿克曼/JamesBresnahan/DougCompton,,冒险/动画/喜剧/家庭/奇幻片,美国,英语,81分钟

保罗·格林格拉斯,罗伯特·鲁德鲁姆/托尼·吉尔罗伊,马特·达蒙/弗朗卡·波滕特/布莱恩·考克斯/朱丽娅·斯蒂尔斯/卡尔·厄本,动作片/悬疑/惊悚片,美国,英语,108分钟

路易斯·莱特里尔,扎克·佩恩/斯坦·李/杰克·科比,爱德华·诺顿/丽芙·泰勒/蒂姆·罗斯/威廉·赫特/蒂姆·布雷克,动作片/冒险/科幻,美国,英语,135分钟

Jean-MarcVallée,克莱格·鲍登/梅丽莎·沃雷克,马修·麦康纳/詹妮弗·加纳/杰瑞德·莱托/丹尼斯·欧哈拉/斯蒂夫·扎恩,传记/剧情,美国,英语,117分钟

阿尔弗雷德·希区柯克,约翰·迈克尔/康奈尔·伍尔里奇,詹姆斯·斯图尔特/格蕾丝·凯利/温戴尔·柯瑞/瑟尔玛·瑞特/雷蒙德·布尔,悬疑/惊悚片,美国,英语,112分钟

吕克·贝松,吕克·贝松/罗伯特·马克,布鲁斯·威利斯/加里·奥德曼/伊安·霍姆/米拉·乔沃维奇/克里斯·塔克,动作片/冒险/科幻,法国,英语,126分钟

大卫·芬奇,詹姆斯·范德比尔特/罗伯特·格雷史密斯,杰克·吉伦哈尔/马克·鲁弗洛/AnthonyEdwards/小罗伯特·唐尼/布莱恩·考克斯,犯罪/剧情/悬疑/惊悚片,美国,英语,162分钟

朗·霍华德,皮特·摩根,克里斯·海姆斯沃斯/丹尼尔·布鲁尔/奥利维亚·王尔德/亚历山德拉·玛丽亚/皮耶尔弗兰切斯科·法维诺,传记/剧情/体育,英国,英语,123分钟

尼尔·博格,埃文·达赫迪/瓦内莎·泰勒/维罗尼卡·罗斯,谢琳·伍德蕾/提奥·詹姆斯/艾什莉·贾德/杰·科特尼/雷·史蒂文森,动作片/冒险/悬疑/科幻,美国,英语,139分钟

拜伦·霍华德/瑞奇·摩尔/杰拉德·布什,拜伦·霍华德/瑞奇·摩尔/杰拉德·布什/吉姆·里尔顿/乔西·特立尼达,CarlinaWill,冒险/动画/犯罪/喜剧/家庭/悬疑,美国,英语,108分钟

黄东赫,孔枝泳/黄东赫,孔刘/郑有美/金贤秀/金志映/郑仁絮,剧情,韩国,韩语,125分钟

